DEPARTMENT,DATE ,CARBON (metric tonne),ELECTRICITY (kwh),WATER (m3)
Finance,1/1/20,91.65,64.88,14.56
IT,1/1/20,48.57,71.55,10.72
Logistics,1/1/20,29.82,55.32,2.95
Finance,2/1/20,91.5,64.7,14.43
IT,2/1/20,48.54,71.26,10.86
Logistics,2/1/20,29.99,55.61,2.84
Finance,3/1/20,91.6,64.96,14.62
IT,3/1/20,48.86,71.8,11.14
Logistics,3/1/20,29.54,55.83,2.89
Finance,4/1/20,91.22,64.48,14.81
IT,4/1/20,48.89,71.94,11.45
Logistics,4/1/20,29.2,55.7,3.16
Finance,5/1/20,91.67,64.77,14.92
IT,5/1/20,49.33,71.64,11.2
Logistics,5/1/20,29.2,55.74,3.47
Finance,6/1/20,92.1,64.82,14.65
IT,6/1/20,49.39,71.36,11.36
Logistics,6/1/20,29.52,55.81,3.54
Finance,7/1/20,92.64,64.56,14.38
IT,7/1/20,49.36,71.8,11.62
Logistics,7/1/20,29.26,55.73,3.67
Finance,8/1/20,92.76,64.36,14.33
IT,8/1/20,49.15,71.9,11.58
Logistics,8/1/20,29.4,55.62,3.94
Finance,9/1/20,92.88,64.71,14.33
IT,9/1/20,49.29,72.21,11.65
Logistics,9/1/20,29.16,55.31,4.26
Finance,10/1/20,92.87,64.97,14.17
IT,10/1/20,49.36,71.86,11.42
Logistics,10/1/20,28.97,55.09,4.14
Finance,11/1/20,92.43,64.54,14.19
IT,11/1/20,49.81,72.41,11.24
Logistics,11/1/20,29.12,54.89,4.4
Finance,12/1/20,92.04,64.23,14.49
IT,12/1/20,50.14,72.79,11.12
Logistics,12/1/20,29.47,55.04,4.53
Finance,13/1/20,92.35,64.67,14.69
IT,13/1/20,50.32,72.3,10.84
Logistics,13/1/20,29.46,55.59,4.69
Finance,14/1/20,92.4,64.48,15.01
IT,14/1/20,50.29,72.36,10.95
Logistics,14/1/20,29.88,55.62,4.85
Finance,15/1/20,92.18,64.23,14.72
IT,15/1/20,50.37,72.8,10.77
Logistics,15/1/20,29.45,55.55,4.61
Finance,16/1/20,92.08,64.56,15.02
IT,16/1/20,50.82,73,10.71
Logistics,16/1/20,29.05,55.7,4.32
Finance,17/1/20,91.59,64.76,15.33
IT,17/1/20,50.64,73.17,10.73
Logistics,17/1/20,29.46,55.31,4.16
Finance,18/1/20,91.44,64.5,15.26
IT,18/1/20,51.09,73.08,11.06
Logistics,18/1/20,29.07,55.26,4.05
Finance,19/1/20,91.63,64.57,14.97
IT,19/1/20,51.41,73.45,11.04
Logistics,19/1/20,28.95,55.18,3.91
Finance,20/1/20,92.17,64.23,14.94
IT,20/1/20,51.46,73.78,11.09
Logistics,20/1/20,28.69,55.18,3.76
Finance,21/1/20,92.49,64.66,15.22
IT,21/1/20,51.43,73.29,11.28
Logistics,21/1/20,28.91,54.96,3.69
Finance,22/1/20,93.02,64.54,15.2
IT,22/1/20,51.33,73.41,11.08
Logistics,22/1/20,28.64,54.57,3.86
Finance,23/1/20,92.69,64.24,15.28
IT,23/1/20,50.9,73.56,11.09
Logistics,23/1/20,28.47,54.51,3.84
Finance,24/1/20,92.92,63.99,15.6
IT,24/1/20,51.05,73.76,11.09
Logistics,24/1/20,28.82,54.09,3.55
Finance,25/1/20,93.28,64.22,15.46
IT,25/1/20,51.26,74.25,11.34
Logistics,25/1/20,28.38,54.07,3.32
Finance,26/1/20,93.83,63.78,15.79
IT,26/1/20,50.98,74.57,11.12
Logistics,26/1/20,28.64,54.57,3.52
Finance,27/1/20,93.66,64.17,16.07
IT,27/1/20,51.11,74.6,11.09
Logistics,27/1/20,28.54,54.92,3.42
Finance,28/1/20,93.8,64.66,16.33
IT,28/1/20,50.64,74.94,11.22
Logistics,28/1/20,28.32,54.83,3.21
Finance,29/1/20,93.55,64.63,16.3
IT,29/1/20,50.7,75.36,11.2
Logistics,29/1/20,28.45,54.89,3.2
Finance,30/1/20,93.99,64.61,16.39
IT,30/1/20,50.4,75.13,11.43
Logistics,30/1/20,28.67,54.94,3.46
Finance,31/1/20,93.5,64.47,16.38
IT,31/1/20,50.64,75.44,11.67
Logistics,31/1/20,28.44,55.04,3.31
Finance,1/2/20,93.2,64.56,16.39
IT,1/2/20,50.97,75.57,12
Logistics,1/2/20,27.97,55.47,3.04
Finance,2/2/20,93.08,64.59,16.42
IT,2/2/20,51.39,75.57,11.81
Logistics,2/2/20,27.87,55.38,3.24
Finance,3/2/20,93.22,64.9,16.69
IT,3/2/20,51.65,76.08,11.72
Logistics,3/2/20,27.39,55.91,2.99
Finance,4/2/20,93.14,64.69,16.86
IT,4/2/20,52.15,76.5,11.65
Logistics,4/2/20,27.57,56.25,2.99
Finance,5/2/20,92.96,64.19,16.94
IT,5/2/20,52.68,76.97,11.76
Logistics,5/2/20,27.86,56.22,2.91
Finance,6/2/20,92.7,64.72,17.2
IT,6/2/20,52.85,76.61,11.63
Logistics,6/2/20,28.24,56.35,3.14
Finance,7/2/20,92.68,64.74,17.01
IT,7/2/20,53.19,76.6,11.58
Logistics,7/2/20,28.73,56.57,3.28
Finance,8/2/20,92.67,64.75,17.08
IT,8/2/20,52.94,76.93,11.55
Logistics,8/2/20,28.64,57.11,3.28
Finance,9/2/20,93.22,65,17.29
IT,9/2/20,53.43,77.32,11.38
Logistics,9/2/20,28.22,57.58,3.37
Finance,10/2/20,93.49,65.19,17.13
IT,10/2/20,53.01,77.68,11.36
Logistics,10/2/20,28.66,57.93,3.68
Finance,11/2/20,93.46,65.38,17.35
IT,11/2/20,53.36,77.82,11.32
Logistics,11/2/20,28.6,57.74,3.48
Finance,12/2/20,93.28,65.27,17.64
IT,12/2/20,53.9,78.3,11.41
Logistics,12/2/20,28.36,57.36,3.57
Finance,13/2/20,93.47,64.89,17.53
IT,13/2/20,53.69,78.78,11.47
Logistics,13/2/20,28.55,57.51,3.41
Finance,14/2/20,93.86,65.11,17.57
IT,14/2/20,54.11,79.25,11.48
Logistics,14/2/20,28.69,57.05,3.23
Finance,15/2/20,93.67,64.71,17.69
IT,15/2/20,54.13,79.07,11.77
Logistics,15/2/20,28.61,56.58,3.55
Finance,16/2/20,93.99,64.42,17.51
IT,16/2/20,54.35,79.03,11.87
Logistics,16/2/20,28.69,56.92,3.33
Finance,17/2/20,94.16,64.32,17.82
IT,17/2/20,54.44,78.75,11.75
Logistics,17/2/20,28.7,57.06,3.3
Finance,18/2/20,94.24,64.41,17.84
IT,18/2/20,54.45,78.7,12.07
Logistics,18/2/20,28.55,56.83,3.63
Finance,19/2/20,94.55,63.95,18.02
IT,19/2/20,54.31,78.61,11.81
Logistics,19/2/20,28.49,56.91,3.78
Finance,20/2/20,94.43,64.26,18.03
IT,20/2/20,53.84,78.16,11.58
Logistics,20/2/20,28.87,57.26,3.54
Finance,21/2/20,94.62,63.98,17.97
IT,21/2/20,53.51,77.74,11.3
Logistics,21/2/20,29.37,57.34,3.84
Finance,22/2/20,94.18,64.44,17.8
IT,22/2/20,53.67,77.65,11.29
Logistics,22/2/20,29.92,57.87,3.84
Finance,23/2/20,94.48,64.71,17.55
IT,23/2/20,53.93,77.47,11.05
Logistics,23/2/20,30.13,57.8,4.1
Finance,24/2/20,94.14,64.77,17.67
IT,24/2/20,53.95,77.44,10.99
Logistics,24/2/20,30.6,57.75,4.13
Finance,25/2/20,93.71,64.32,17.68
IT,25/2/20,53.54,77.2,10.99
Logistics,25/2/20,30.78,58.11,4.23
Finance,26/2/20,93.61,63.89,17.73
IT,26/2/20,53.14,77.68,10.74
Logistics,26/2/20,31.09,57.92,4.05
Finance,27/2/20,93.88,63.58,17.55
IT,27/2/20,52.72,78.21,10.86
Logistics,27/2/20,31.12,57.52,3.93
Finance,28/2/20,93.38,63.88,17.34
IT,28/2/20,52.97,77.73,11.15
Logistics,28/2/20,31.41,57.11,4.18
Finance,29/2/20,93.66,64.06,17.11
IT,29/2/20,53.24,77.43,10.98
Logistics,29/2/20,31.16,57.41,4.48
Finance,1/3/20,94.12,64.48,16.92
IT,1/3/20,53.02,77.22,10.96
Logistics,1/3/20,31.62,57.96,4.27
Finance,2/3/20,93.67,64.44,16.74
IT,2/3/20,52.88,77.25,10.72
Logistics,2/3/20,31.87,58.03,4.52
Finance,3/3/20,94.01,64.61,16.6
IT,3/3/20,52.55,77.38,10.92
Logistics,3/3/20,32.09,58.16,4.7
Finance,4/3/20,94.41,64.39,16.36
IT,4/3/20,52.23,77.86,10.93
Logistics,4/3/20,32.42,58.36,4.75
Finance,5/3/20,94.72,64.66,16.45
IT,5/3/20,52.73,78.24,11.03
Logistics,5/3/20,32.42,58.1,4.69
Finance,6/3/20,94.95,64.2,16.23
IT,6/3/20,53.16,77.77,10.83
Logistics,6/3/20,32.59,58.21,4.86
Finance,7/3/20,94.69,64.37,16.23
IT,7/3/20,53.09,77.31,10.99
Logistics,7/3/20,33.06,57.95,4.63
Finance,8/3/20,94.7,64.12,16.56
IT,8/3/20,53.44,76.99,10.95
Logistics,8/3/20,32.97,58.29,4.85
Finance,9/3/20,95.23,64.43,16.89
IT,9/3/20,53.12,77.52,10.98
Logistics,9/3/20,33.29,58.33,4.98
Finance,10/3/20,95.27,64.94,17.2
IT,10/3/20,53.63,77.55,11.21
Logistics,10/3/20,32.88,58.65,4.68
Finance,11/3/20,94.94,65.18,17.42
IT,11/3/20,53.38,77.65,11.15
Logistics,11/3/20,33.12,58.49,5
Finance,12/3/20,94.49,64.79,17.35
IT,12/3/20,52.9,77.38,11
Logistics,12/3/20,33.32,58.03,5.13
Finance,13/3/20,94.6,65.3,17.64
IT,13/3/20,52.64,77.85,11.06
Logistics,13/3/20,33.15,57.54,5.24
Finance,14/3/20,94.19,64.85,17.9
IT,14/3/20,52.79,77.52,10.77
Logistics,14/3/20,33.47,57.38,5.32
Finance,15/3/20,93.69,64.52,17.67
IT,15/3/20,52.42,77.04,10.71
Logistics,15/3/20,32.98,57.7,5.28
Finance,16/3/20,93.29,65.06,17.44
IT,16/3/20,52.32,76.54,10.58
Logistics,16/3/20,33.11,57.49,5.17
Finance,17/3/20,92.83,64.71,17.27
IT,17/3/20,51.93,76.21,10.52
Logistics,17/3/20,32.97,57.69,4.89
Finance,18/3/20,92.9,65.11,17.36
IT,18/3/20,51.6,75.9,10.62
Logistics,18/3/20,32.6,57.33,4.95
Finance,19/3/20,92.44,65.63,17.53
IT,19/3/20,51.95,76.38,10.85
Logistics,19/3/20,32.42,57.42,4.93
Finance,20/3/20,92.42,65.44,17.4
IT,20/3/20,51.57,76.62,11.09
Logistics,20/3/20,32.93,57.18,5.2
Finance,21/3/20,92.94,65.97,17.18
IT,21/3/20,51.29,76.27,10.82
Logistics,21/3/20,32.5,57.47,5.42
Finance,22/3/20,92.98,66.31,17.17
IT,22/3/20,51.46,76.59,10.79
Logistics,22/3/20,32.12,57.74,5.57
Finance,23/3/20,92.81,66.43,16.94
IT,23/3/20,51.67,76.9,10.94
Logistics,23/3/20,32.26,57.63,5.56
Finance,24/3/20,93.16,66.01,16.73
IT,24/3/20,51.46,77.3,11.18
Logistics,24/3/20,31.81,57.23,5.45
Finance,25/3/20,93.59,65.51,16.58
IT,25/3/20,51.5,77.57,11.1
Logistics,25/3/20,31.37,57.55,5.43
Finance,26/3/20,94,65.44,16.45
IT,26/3/20,51.22,77.8,11.38
Logistics,26/3/20,31.02,57.96,5.35
Finance,27/3/20,94.05,65.37,16.45
IT,27/3/20,50.97,78.32,11.31
Logistics,27/3/20,31.26,57.92,5.52
Finance,28/3/20,93.9,65.44,16.55
IT,28/3/20,51.24,78.25,11.41
Logistics,28/3/20,31.14,57.62,5.85
Finance,29/3/20,93.41,65.63,16.84
IT,29/3/20,51.69,78.46,11.5
Logistics,29/3/20,31.38,57.38,6.13
Finance,30/3/20,93.69,65.7,17.12
IT,30/3/20,51.26,78.57,11.46
Logistics,30/3/20,31.75,56.92,6.41
Finance,31/3/20,93.79,66.19,17.17
IT,31/3/20,51.56,78.12,11.53
Logistics,31/3/20,32.16,57.13,6.48
Finance,1/4/20,93.73,65.91,16.99
IT,1/4/20,51.48,77.88,11.64
Logistics,1/4/20,32.14,57.61,6.26
Finance,2/4/20,93.78,65.6,16.92
IT,2/4/20,50.98,77.96,11.55
Logistics,2/4/20,32.48,57.89,6.02
Finance,3/4/20,93.41,66,16.69
IT,3/4/20,50.58,77.6,11.37
Logistics,3/4/20,32.31,57.99,6.29
Finance,4/4/20,93.14,66.31,16.43
IT,4/4/20,50.39,77.13,11.38
Logistics,4/4/20,31.94,58.24,6.15
Finance,5/4/20,92.72,66.1,16.6
IT,5/4/20,50.21,76.79,11.36
Logistics,5/4/20,32.36,58.31,6.3
Finance,6/4/20,92.84,65.88,16.8
IT,6/4/20,50.16,76.87,11.66
Logistics,6/4/20,32.66,57.95,6.63
Finance,7/4/20,93.19,65.38,16.86
IT,7/4/20,49.99,76.62,11.41
Logistics,7/4/20,32.66,57.98,6.37
Finance,8/4/20,93.36,64.88,17.02
IT,8/4/20,49.83,76.78,11.6
Logistics,8/4/20,32.86,57.99,6.08
Finance,9/4/20,92.89,64.73,17
IT,9/4/20,50.26,76.48,11.56
Logistics,9/4/20,32.71,57.93,5.97
Finance,10/4/20,93.23,65.24,17.2
IT,10/4/20,49.93,76.94,11.86
Logistics,10/4/20,32.32,58.05,6.01
Finance,11/4/20,93.08,65.51,17.33
IT,11/4/20,49.97,77.24,11.75
Logistics,11/4/20,32.12,58.46,5.93
Finance,12/4/20,92.61,65.9,17.07
IT,12/4/20,49.94,77.57,12.02
Logistics,12/4/20,31.71,58.14,5.63
Finance,13/4/20,92.76,65.72,16.86
IT,13/4/20,49.96,77.67,12.13
Logistics,13/4/20,31.99,57.83,5.95
Finance,14/4/20,92.98,65.7,16.63
IT,14/4/20,50.2,77.87,12.09
Logistics,14/4/20,32.41,57.62,6.03
Finance,15/4/20,92.96,65.6,16.92
IT,15/4/20,50.34,77.65,12.16
Logistics,15/4/20,32.53,57.14,6.02
Finance,16/4/20,92.8,65.69,17.13
IT,16/4/20,50.72,77.21,12.41
Logistics,16/4/20,32.66,56.98,6.19
Finance,17/4/20,93.33,66.13,17.36
IT,17/4/20,50.52,77.7,12.11
Logistics,17/4/20,32.31,57.01,6.42
Finance,18/4/20,93.49,66.34,17.07
IT,18/4/20,50.81,77.83,12.17
Logistics,18/4/20,32.01,57.39,6.14
Finance,19/4/20,93.36,66.88,17.36
IT,19/4/20,50.54,78.23,12.5
Logistics,19/4/20,31.91,56.95,6.43
Finance,20/4/20,93.48,67.17,17.24
IT,20/4/20,50.32,78.64,12.62
Logistics,20/4/20,32.29,57.14,6.63
Finance,21/4/20,93.74,67.5,17.5
IT,21/4/20,50.17,78.46,12.83
Logistics,21/4/20,32.24,57,6.66
Finance,22/4/20,94.12,67.27,17.6
IT,22/4/20,50.28,77.97,13.16
Logistics,22/4/20,32.02,56.76,6.44
Finance,23/4/20,94.21,67.22,17.56
IT,23/4/20,50.52,78.45,12.9
Logistics,23/4/20,32.13,56.87,6.37
Finance,24/4/20,94.12,67.18,17.7
IT,24/4/20,50.49,78,12.91
Logistics,24/4/20,31.71,56.6,6.14
Finance,25/4/20,94.52,67.44,17.96
IT,25/4/20,50.65,77.83,13.09
Logistics,25/4/20,31.74,56.29,5.93
Finance,26/4/20,94.74,67.57,18.02
IT,26/4/20,50.4,77.91,13.31
Logistics,26/4/20,32.16,56.59,5.72
Finance,27/4/20,95.05,67.22,17.99
IT,27/4/20,50.33,77.85,13.28
Logistics,27/4/20,31.73,56.15,5.63
Finance,28/4/20,94.85,67.4,18.24
IT,28/4/20,50.49,77.46,13.27
Logistics,28/4/20,31.73,55.93,5.77
Finance,29/4/20,94.89,67.14,18.13
IT,29/4/20,50.2,77.4,13.18
Logistics,29/4/20,32.26,55.93,5.93
Finance,30/4/20,95,66.93,18.08
IT,30/4/20,50.21,77.58,12.99
Logistics,30/4/20,32.58,56.27,6.01
Finance,1/5/20,95.45,67.41,17.81
IT,1/5/20,49.89,78.12,13.12
Logistics,1/5/20,32.58,56.32,6.31
Finance,2/5/20,95.68,67.72,17.71
IT,2/5/20,49.83,78.46,13.17
Logistics,2/5/20,32.24,55.93,6.32
Finance,3/5/20,96.12,68.13,17.54
IT,3/5/20,49.7,78.95,13.14
Logistics,3/5/20,32.51,55.74,6.05
Finance,4/5/20,95.64,68.3,17.58
IT,4/5/20,49.36,78.9,13.03
Logistics,4/5/20,32.21,55.95,5.89
Finance,5/5/20,95.21,68.57,17.73
IT,5/5/20,48.94,78.84,12.77
Logistics,5/5/20,32.05,56.2,5.88
Finance,6/5/20,95.73,68.57,17.61
IT,6/5/20,49.33,79.1,12.71
Logistics,6/5/20,32.37,55.83,5.71
Finance,7/5/20,95.34,68.67,17.45
IT,7/5/20,49.23,78.93,12.8
Logistics,7/5/20,32.7,56.34,5.68
Finance,8/5/20,95.79,69.03,17.52
IT,8/5/20,48.95,78.91,12.75
Logistics,8/5/20,32.2,56.68,5.84
Finance,9/5/20,96.15,69.16,17.79
IT,9/5/20,49.38,78.78,12.53
Logistics,9/5/20,32.52,56.82,5.71
Finance,10/5/20,95.87,69.6,17.82
IT,10/5/20,49.09,79.06,12.75
Logistics,10/5/20,32.07,56.81,5.89
Finance,11/5/20,96.01,69.69,17.52
IT,11/5/20,49.46,79.14,12.91
Logistics,11/5/20,31.75,56.46,5.78
Finance,12/5/20,95.6,69.7,17.51
IT,12/5/20,49.22,79.3,12.7
Logistics,12/5/20,31.77,56.21,5.65
Finance,13/5/20,95.17,69.25,17.68
IT,13/5/20,49.44,79.39,12.43
Logistics,13/5/20,31.53,55.72,5.7
Finance,14/5/20,95.58,68.83,17.57
IT,14/5/20,49.5,79.94,12.2
Logistics,14/5/20,31.79,55.7,5.51
Finance,15/5/20,95.97,68.92,17.57
IT,15/5/20,50.03,80.12,12.34
Logistics,15/5/20,32.17,55.93,5.76
Finance,16/5/20,95.66,68.83,17.51
IT,16/5/20,49.74,80.64,12.33
Logistics,16/5/20,32.26,55.99,5.59
Finance,17/5/20,95.93,68.56,17.44
IT,17/5/20,49.98,80.77,12.1
Logistics,17/5/20,32.54,55.92,5.31
Finance,18/5/20,95.75,68.81,17.55
IT,18/5/20,50.05,80.95,12
Logistics,18/5/20,32.92,55.98,5.19
Finance,19/5/20,95.85,68.79,17.45
IT,19/5/20,49.8,81.48,12.07
Logistics,19/5/20,33.39,56.07,5.51
Finance,20/5/20,96.1,68.29,17.33
IT,20/5/20,49.86,81.37,12.27
Logistics,20/5/20,33.7,55.59,5.74
Finance,21/5/20,95.74,68.22,17.38
IT,21/5/20,50.27,81.24,12.39
Logistics,21/5/20,33.93,55.35,5.63
Finance,22/5/20,95.71,68.34,17.34
IT,22/5/20,50.32,81.43,12.34
Logistics,22/5/20,33.56,55.2,5.79
Finance,23/5/20,95.35,67.88,17.37
IT,23/5/20,50.49,81.36,12.05
Logistics,23/5/20,33.29,55.54,5.67
Finance,24/5/20,95.81,67.39,17.18
IT,24/5/20,50.51,81.91,11.98
Logistics,24/5/20,33.45,55.44,5.63
Finance,25/5/20,95.52,67.57,17.04
IT,25/5/20,50.6,82.11,12.2
Logistics,25/5/20,33.5,55.56,5.57
Finance,26/5/20,95.8,67.84,16.93
IT,26/5/20,50.39,82.11,12.42
Logistics,26/5/20,33.7,56.03,5.7
Finance,27/5/20,95.85,68.35,17.04
IT,27/5/20,50.42,82.09,12.66
Logistics,27/5/20,33.5,55.68,5.9
Finance,28/5/20,96.29,68.8,17.27
IT,28/5/20,50.52,82.16,12.65
Logistics,28/5/20,33.35,55.51,5.88
Finance,29/5/20,96.77,69.08,17.23
IT,29/5/20,50.69,81.79,12.98
Logistics,29/5/20,32.92,55.25,5.89
Finance,30/5/20,97.22,68.97,16.99
IT,30/5/20,51.08,82.14,12.92
Logistics,30/5/20,32.64,55.67,5.76
Finance,31/5/20,97.49,68.97,17.11
IT,31/5/20,51.06,82.06,12.79
Logistics,31/5/20,32.72,56.11,5.55
Finance,1/6/20,97.06,69.19,17.06
IT,1/6/20,51.07,82.44,12.53
Logistics,1/6/20,32.23,56.08,5.66
Finance,2/6/20,96.72,69.18,17.17
IT,2/6/20,51.05,82.95,12.25
Logistics,2/6/20,32.1,56.06,5.47
Finance,3/6/20,96.29,69,17.31
IT,3/6/20,51.33,82.85,12.58
Logistics,3/6/20,32.38,56.23,5.17
Finance,4/6/20,96.09,68.55,17.52
IT,4/6/20,51.69,82.5,12.56
Logistics,4/6/20,32.57,56.69,5.31
Finance,5/6/20,95.85,68.64,17.62
IT,5/6/20,51.26,82.43,12.44
Logistics,5/6/20,32.79,57.09,5.53
Finance,6/6/20,95.63,68.23,17.43
IT,6/6/20,51.47,82.12,12.76
Logistics,6/6/20,33.27,57.32,5.78
Finance,7/6/20,95.7,68.69,17.38
IT,7/6/20,51.64,81.71,12.71
Logistics,7/6/20,32.83,57.68,5.63
Finance,8/6/20,96.13,68.32,17.57
IT,8/6/20,51.55,81.39,12.74
Logistics,8/6/20,32.97,57.48,5.95
Finance,9/6/20,96.38,68.23,17.85
IT,9/6/20,51.98,81.14,12.93
Logistics,9/6/20,33.22,57.69,5.65
Finance,10/6/20,96.26,67.98,17.74
IT,10/6/20,52.37,80.73,12.79
Logistics,10/6/20,33.41,57.41,5.82
Finance,11/6/20,96.56,68.25,17.9
IT,11/6/20,51.95,80.71,12.58
Logistics,11/6/20,33.15,57.5,5.96
Finance,12/6/20,96.23,68.14,17.61
IT,12/6/20,52.12,80.48,12.59
Logistics,12/6/20,32.77,57.03,6.27
Finance,13/6/20,96.4,68.24,17.39
IT,13/6/20,52.3,80.03,12.41
Logistics,13/6/20,33.23,57.01,6.45
Finance,14/6/20,96.65,68.12,17.57
IT,14/6/20,51.9,80.21,12.2
Logistics,14/6/20,33.7,56.61,6.46
Finance,15/6/20,96.39,67.88,17.82
IT,15/6/20,51.91,80.56,12.39
Logistics,15/6/20,33.74,56.45,6.16
Finance,16/6/20,96.14,67.47,17.84
IT,16/6/20,52.45,80.88,12.22
Logistics,16/6/20,33.46,56.32,6.46
Finance,17/6/20,96.6,67.37,17.76
IT,17/6/20,52.15,80.47,12.02
Logistics,17/6/20,33.07,56.72,6.22
Finance,18/6/20,96.71,67.54,18
IT,18/6/20,52.3,80.94,12.15
Logistics,18/6/20,32.84,56.25,6
Finance,19/6/20,96.47,67.11,18.03
IT,19/6/20,52.82,80.84,12.27
Logistics,19/6/20,32.69,55.79,6.15
Finance,20/6/20,96.88,66.88,17.76
IT,20/6/20,52.33,80.39,12.34
Logistics,20/6/20,32.92,55.91,5.99
Finance,21/6/20,97.17,66.69,17.78
IT,21/6/20,52.87,80.86,12.13
Logistics,21/6/20,32.65,56.14,6.09
Finance,22/6/20,97.62,66.35,17.88
IT,22/6/20,52.66,81.01,12.09
Logistics,22/6/20,33.19,56.02,6.36
Finance,23/6/20,97.39,66.86,17.72
IT,23/6/20,52.23,81.27,11.93
Logistics,23/6/20,33.18,56.09,6.44
Finance,24/6/20,97.53,66.39,17.74
IT,24/6/20,51.99,81.66,12.1
Logistics,24/6/20,33.37,56.25,6.44
Finance,25/6/20,97.33,66.35,17.78
IT,25/6/20,51.98,81.26,11.81
Logistics,25/6/20,33.85,56.76,6.42
Finance,26/6/20,97.29,66.01,17.52
IT,26/6/20,51.94,81.02,12.13
Logistics,26/6/20,34.4,56.53,6.48
Finance,27/6/20,97.66,65.54,17.53
IT,27/6/20,51.71,81.31,12.38
Logistics,27/6/20,34.5,56.18,6.81
Finance,28/6/20,97.9,65.49,17.34
IT,28/6/20,51.75,81.23,12.22
Logistics,28/6/20,34.02,55.69,6.76
Finance,29/6/20,98.06,65.74,17.32
IT,29/6/20,52.06,81.69,12.22
Logistics,29/6/20,33.94,55.66,7.03
Finance,30/6/20,98.18,66.17,17.16
IT,30/6/20,52.15,82.21,12.1
Logistics,30/6/20,33.65,55.96,7.21
Finance,1/7/20,97.9,66.7,17.12
IT,1/7/20,52.58,81.87,12.08
Logistics,1/7/20,33.82,55.73,6.92
Finance,2/7/20,98.31,66.86,17.45
IT,2/7/20,52.71,82.22,12.41
Logistics,2/7/20,33.38,55.27,6.62
Finance,3/7/20,98.1,67.09,17.51
IT,3/7/20,52.24,82.64,12.64
Logistics,3/7/20,33,54.96,6.34
Finance,4/7/20,98.21,67.6,17.61
IT,4/7/20,52.31,82.16,12.56
Logistics,4/7/20,32.98,54.94,6.07
Finance,5/7/20,98.39,67.99,17.92
IT,5/7/20,52.36,82.53,12.67
Logistics,5/7/20,33.41,54.55,5.86
Finance,6/7/20,97.98,68.07,18.13
IT,6/7/20,52.68,82.49,12.63
Logistics,6/7/20,33.42,54.21,6.14
Finance,7/7/20,98.32,68.54,17.83
IT,7/7/20,53.05,82.12,12.41
Logistics,7/7/20,33.87,54.59,6.25
Finance,8/7/20,98.24,68.52,17.64
IT,8/7/20,52.65,82.49,12.71
Logistics,8/7/20,33.83,54.91,6.38
Finance,9/7/20,98.28,68.47,17.47
IT,9/7/20,52.68,82.21,12.75
Logistics,9/7/20,33.98,55.29,6.33
Finance,10/7/20,98.26,68.53,17.26
IT,10/7/20,52.35,82.22,12.48
Logistics,10/7/20,34.17,55.06,6.11
Finance,11/7/20,98.08,68.23,17.02
IT,11/7/20,51.93,82.46,12.58
Logistics,11/7/20,34.55,55.38,6.03
Finance,12/7/20,97.8,68.63,16.8
IT,12/7/20,51.99,82.54,12.59
Logistics,12/7/20,34.98,55,6.02
Finance,13/7/20,97.9,68.41,16.62
IT,13/7/20,51.97,82.13,12.91
Logistics,13/7/20,34.9,54.85,6.1
Finance,14/7/20,97.86,68.92,16.81
IT,14/7/20,52.35,82.62,13.09
Logistics,14/7/20,35.29,54.47,6.1
Finance,15/7/20,97.59,68.93,16.8
IT,15/7/20,52.1,82.6,12.98
Logistics,15/7/20,35.72,54.1,6.24
Finance,16/7/20,98,68.91,17.13
IT,16/7/20,51.77,82.21,13.31
Logistics,16/7/20,35.69,54.51,6.37
Finance,17/7/20,97.64,68.68,17.07
IT,17/7/20,51.67,82.33,13.16
Logistics,17/7/20,35.36,54.73,6.15
Finance,18/7/20,97.21,69.02,17.06
IT,18/7/20,51.77,82.74,13.35
Logistics,18/7/20,35.29,54.52,6.16
Finance,19/7/20,96.99,68.61,16.88
IT,19/7/20,51.61,82.77,13.39
Logistics,19/7/20,35.61,54.12,6.33
Finance,20/7/20,96.66,69.07,16.91
IT,20/7/20,51.35,83.06,13.7
Logistics,20/7/20,35.32,53.87,6.37
Finance,21/7/20,96.19,68.98,17.19
IT,21/7/20,51.55,83.49,13.88
Logistics,21/7/20,34.83,54.1,6.36
Finance,22/7/20,96.4,69.27,17.5
IT,22/7/20,51.68,83.68,13.7
Logistics,22/7/20,34.98,53.69,6.12
Finance,23/7/20,96.43,69.36,17.66
IT,23/7/20,52.23,84.11,13.86
Logistics,23/7/20,35.02,53.59,6.24
Finance,24/7/20,96.62,69.15,17.71
IT,24/7/20,52.52,83.64,13.87
Logistics,24/7/20,35.06,53.76,6.45
Finance,25/7/20,96.95,68.65,17.83
IT,25/7/20,52.38,83.66,13.64
Logistics,25/7/20,34.88,53.34,6.6
Finance,26/7/20,96.84,68.46,17.53
IT,26/7/20,52.12,83.63,13.58
Logistics,26/7/20,35.34,52.95,6.33
Finance,27/7/20,96.6,68.63,17.79
IT,27/7/20,52.32,83.9,13.81
Logistics,27/7/20,35.49,52.57,6.12
Finance,28/7/20,96.32,69.16,17.55
IT,28/7/20,51.83,84.37,13.61
Logistics,28/7/20,35.24,53.03,6.34
Finance,29/7/20,96.37,69.01,17.29
IT,29/7/20,51.45,84.03,13.81
Logistics,29/7/20,35.15,53.57,6.34
Finance,30/7/20,96.27,69.45,17.01
IT,30/7/20,51.94,83.69,13.72
Logistics,30/7/20,35.41,53.98,6.52
Finance,31/7/20,96.05,69.85,16.78
IT,31/7/20,51.88,83.47,13.56
Logistics,31/7/20,35.9,54.48,6.73
Finance,1/8/20,95.64,69.8,16.93
IT,1/8/20,51.61,83.14,13.33
Logistics,1/8/20,36.27,54.6,6.69
Finance,2/8/20,95.79,69.81,17.08
IT,2/8/20,51.4,83.06,13.54
Logistics,2/8/20,35.83,54.9,6.65
Finance,3/8/20,95.43,69.38,16.95
IT,3/8/20,51.73,82.68,13.72
Logistics,3/8/20,36.34,54.76,6.9
Finance,4/8/20,95.72,69.63,16.65
IT,4/8/20,52.04,82.91,13.66
Logistics,4/8/20,36.4,55.2,6.69
Finance,5/8/20,95.29,69.52,16.48
IT,5/8/20,51.66,83.45,13.46
Logistics,5/8/20,36.7,55.58,6.95
Finance,6/8/20,94.88,69.67,16.68
IT,6/8/20,51.46,82.99,13.27
Logistics,6/8/20,36.84,55.9,7.25
Finance,7/8/20,94.51,69.6,17
IT,7/8/20,51.37,83.1,13.51
Logistics,7/8/20,37.23,55.57,7.48
Finance,8/8/20,94.28,69.29,17.26
IT,8/8/20,51.52,83.42,13.53
Logistics,8/8/20,37.18,55.68,7.55
Finance,9/8/20,94.31,69.59,17.06
IT,9/8/20,51.52,83.75,13.54
Logistics,9/8/20,37.37,55.74,7.76
Finance,10/8/20,94.09,69.48,17.26
IT,10/8/20,51.63,84.18,13.86
Logistics,10/8/20,37.15,55.61,7.97
Finance,11/8/20,93.62,69.74,17.36
IT,11/8/20,52.11,84.59,14.09
Logistics,11/8/20,37.24,55.9,8.29
Finance,12/8/20,94.06,69.35,17.18
IT,12/8/20,51.82,84.49,14.17
Logistics,12/8/20,37.06,56.08,8.16
Finance,13/8/20,93.99,68.95,17.27
IT,13/8/20,52.09,84.42,14.36
Logistics,13/8/20,37.18,56.56,8.14
Finance,14/8/20,94.51,68.58,17.13
IT,14/8/20,52.09,84.25,14.44
Logistics,14/8/20,37.47,56.93,8.41
Finance,15/8/20,94.14,68.88,16.96
IT,15/8/20,51.75,83.95,14.35
Logistics,15/8/20,37.03,57.39,8.12
Finance,16/8/20,94.03,68.87,16.86
IT,16/8/20,52.23,84.23,14.44
Logistics,16/8/20,37.57,57.33,8.11
Finance,17/8/20,94.22,68.94,16.72
IT,17/8/20,51.95,84.25,14.22
Logistics,17/8/20,37.35,57.47,7.86
Finance,18/8/20,93.9,69.49,17.04
IT,18/8/20,51.81,84.12,14.05
Logistics,18/8/20,37.69,57.16,8.17
Finance,19/8/20,93.88,69.77,16.93
IT,19/8/20,51.77,84.01,14.26
Logistics,19/8/20,37.72,56.74,8
Finance,20/8/20,93.59,69.71,17.24
IT,20/8/20,52,84.09,14.34
Logistics,20/8/20,37.89,56.47,8.1
Finance,21/8/20,93.09,69.99,17.53
IT,21/8/20,51.99,83.77,14.41
Logistics,21/8/20,37.48,56.87,8.15
Finance,22/8/20,93.06,69.77,17.66
IT,22/8/20,52.5,83.5,14.66
Logistics,22/8/20,37.12,57.2,8.29
Finance,23/8/20,92.8,69.57,17.84
IT,23/8/20,52.62,83.61,14.47
Logistics,23/8/20,37.63,57.72,8.43
Finance,24/8/20,92.99,69.59,17.86
IT,24/8/20,53.01,84.15,14.31
Logistics,24/8/20,38.17,57.53,8.21
Finance,25/8/20,93.38,69.16,17.57
IT,25/8/20,52.82,83.8,14.05
Logistics,25/8/20,37.94,57.12,8.35
Finance,26/8/20,93.24,69.53,17.81
IT,26/8/20,52.38,84.18,13.83
Logistics,26/8/20,37.74,56.86,8.06
Finance,27/8/20,93.37,69.88,17.76
IT,27/8/20,52.53,84.66,13.78
Logistics,27/8/20,37.74,57.17,7.8
Finance,28/8/20,93.32,69.7,17.69
IT,28/8/20,52.7,84.61,13.8
Logistics,28/8/20,37.6,57.47,7.83
Finance,29/8/20,93.8,69.96,17.73
IT,29/8/20,52.63,85.1,14.01
Logistics,29/8/20,37.49,57.22,8.05
Finance,30/8/20,93.46,69.74,17.91
IT,30/8/20,52.15,84.94,14.16
Logistics,30/8/20,37.89,56.86,8.35
Finance,31/8/20,93.13,69.25,17.67
IT,31/8/20,52.39,84.7,14.4
Logistics,31/8/20,38.16,57.12,8.41
Finance,1/9/20,93.04,69.17,17.8
IT,1/9/20,52.22,84.63,14.45
Logistics,1/9/20,38.41,56.66,8.67
Finance,2/9/20,93.55,69.45,17.51
IT,2/9/20,52.23,84.79,14.35
Logistics,2/9/20,38.95,56.71,8.76
Finance,3/9/20,93.69,69.22,17.8
IT,3/9/20,51.87,85.17,14.21
Logistics,3/9/20,39.23,57.05,8.73
Finance,4/9/20,93.35,69.22,17.55
IT,4/9/20,52.33,85.19,14.53
Logistics,4/9/20,39.06,57.15,8.43
Finance,5/9/20,93.87,69.07,17.85
IT,5/9/20,52.75,85.41,14.57
Logistics,5/9/20,38.77,57.59,8.69
Finance,6/9/20,93.63,68.69,17.66
IT,6/9/20,53.21,85.22,14.32
Logistics,6/9/20,38.66,57.33,8.84
Finance,7/9/20,93.51,68.38,17.56
IT,7/9/20,53.63,84.89,14.11
Logistics,7/9/20,38.21,57.82,9.1
Finance,8/9/20,93.89,68.79,17.7
IT,8/9/20,53.41,84.54,14.23
Logistics,8/9/20,38.01,58.29,9.39
Finance,9/9/20,94.13,68.83,17.91
IT,9/9/20,53.31,84.53,14.55
Logistics,9/9/20,38.4,57.81,9.2
Finance,10/9/20,93.75,68.38,17.9
IT,10/9/20,53.53,84.2,14.65
Logistics,10/9/20,38.87,57.77,9.23
Finance,11/9/20,93.92,68.56,18
IT,11/9/20,53.48,84.3,14.73
Logistics,11/9/20,38.97,58.17,9.22
Finance,12/9/20,93.73,68.86,18.14
IT,12/9/20,53.53,83.83,14.69
Logistics,12/9/20,38.47,57.82,9.49
Finance,13/9/20,93.86,68.93,18.29
IT,13/9/20,53.86,84.32,14.88
Logistics,13/9/20,39.01,58.33,9.73
Finance,14/9/20,94.1,69.27,18.26
IT,14/9/20,53.86,84.39,15
Logistics,14/9/20,39.54,58.87,9.78
Finance,15/9/20,94.26,69.33,18.17
IT,15/9/20,53.9,84.19,14.73
Logistics,15/9/20,39.78,59.4,9.92
Finance,16/9/20,94.35,69.27,18.42
IT,16/9/20,53.75,84.2,14.72
Logistics,16/9/20,39.75,59.84,9.64
Finance,17/9/20,94.3,69,18.22
IT,17/9/20,53.63,84.12,14.82
Logistics,17/9/20,39.81,59.81,9.97
Finance,18/9/20,94.64,68.96,18.37
IT,18/9/20,53.6,84.46,15.15
Logistics,18/9/20,39.41,59.95,10.24
Finance,19/9/20,94.94,68.63,18.07
IT,19/9/20,53.57,84.32,15.17
Logistics,19/9/20,39.59,60.27,10.21
Finance,20/9/20,95.04,68.69,18.38
IT,20/9/20,53.63,84.65,14.97
Logistics,20/9/20,39.7,60.04,10.27
Finance,21/9/20,95.19,68.26,18.48
IT,21/9/20,53.51,85.01,14.97
Logistics,21/9/20,39.45,59.92,10.53
Finance,22/9/20,95.61,67.89,18.19
IT,22/9/20,53.49,85.33,14.86
Logistics,22/9/20,39.13,60.1,10.44
Finance,23/9/20,95.13,68.03,18.07
IT,23/9/20,53.69,85.25,14.96
Logistics,23/9/20,38.8,59.6,10.66
Finance,24/9/20,95.14,68.28,18.16
IT,24/9/20,53.4,85.54,14.84
Logistics,24/9/20,38.6,60.1,10.58
Finance,25/9/20,95.43,68.62,18.19
IT,25/9/20,53,85.93,14.93
Logistics,25/9/20,38.32,59.82,10.82
Finance,26/9/20,95.22,69.01,18.45
IT,26/9/20,53.1,85.57,14.93
Logistics,26/9/20,38.4,59.99,10.94
Finance,27/9/20,94.96,69.56,18.16
IT,27/9/20,53.63,85.21,15.05
Logistics,27/9/20,38.15,59.6,11.13
Finance,28/9/20,95,69.55,18.11
IT,28/9/20,53.53,85.24,15.17
Logistics,28/9/20,37.65,59.54,10.88
Finance,29/9/20,95.55,69.51,18.32
IT,29/9/20,53.67,85.62,15.19
Logistics,29/9/20,37.54,59.07,10.79
Finance,30/9/20,95.59,69.99,18.31
IT,30/9/20,53.3,85.48,15
Logistics,30/9/20,38.03,59.3,10.79
Finance,1/10/20,95.92,69.91,18.25
IT,1/10/20,53.45,85.17,15.03
Logistics,1/10/20,37.97,59.38,10.6
Finance,2/10/20,96.17,69.44,18.13
IT,2/10/20,53.94,85.26,15.19
Logistics,2/10/20,38.18,59.52,10.31
Finance,3/10/20,96.31,69.42,17.97
IT,3/10/20,53.67,85.61,15.38
Logistics,3/10/20,37.77,59.63,10.28
Finance,4/10/20,96.82,69.4,17.81
IT,4/10/20,53.56,85.31,15.09
Logistics,4/10/20,37.47,60.01,9.99
Finance,5/10/20,96.67,69.24,17.9
IT,5/10/20,53.58,85.7,14.96
Logistics,5/10/20,37.51,59.79,9.8
Finance,6/10/20,97,69.13,17.99
IT,6/10/20,54.09,85.32,15.08
Logistics,6/10/20,37.75,60.04,9.7
Finance,7/10/20,97.2,69.01,17.75
IT,7/10/20,54.27,85.81,15.38
Logistics,7/10/20,38.03,60.52,9.78
Finance,8/10/20,97.35,68.76,17.58
IT,8/10/20,54.2,85.41,15.11
Logistics,8/10/20,38.35,60.87,9.91
Finance,9/10/20,97.26,68.95,17.87
IT,9/10/20,54.09,85.06,15.03
Logistics,9/10/20,38.42,60.79,9.66
Finance,10/10/20,97.59,68.75,17.74
IT,10/10/20,53.76,84.92,14.98
Logistics,10/10/20,38.69,60.78,9.81
Finance,11/10/20,97.6,68.66,17.77
IT,11/10/20,53.38,84.5,15.25
Logistics,11/10/20,38.64,60.87,9.98
Finance,12/10/20,97.87,69.12,17.99
IT,12/10/20,53.24,84.33,15.02
Logistics,12/10/20,38.61,60.98,9.79
Finance,13/10/20,97.94,69.33,18.1
IT,13/10/20,52.85,84.34,14.88
Logistics,13/10/20,38.75,60.94,9.62
Finance,14/10/20,97.94,69.64,18.12
IT,14/10/20,52.55,83.94,14.79
Logistics,14/10/20,39.03,60.62,9.63
Finance,15/10/20,97.9,69.72,18.26
IT,15/10/20,52.91,83.61,15.1
Logistics,15/10/20,38.74,60.38,9.75
Finance,16/10/20,97.51,69.42,18.13
IT,16/10/20,52.8,83.95,15.33
Logistics,16/10/20,38.97,60.8,9.61
Finance,17/10/20,97.85,69.64,18.41
IT,17/10/20,52.95,83.93,15.36
Logistics,17/10/20,39.18,61.12,9.73
Finance,18/10/20,97.81,70.02,18.48
IT,18/10/20,52.74,83.83,15.29
Logistics,18/10/20,39.04,61.08,9.56
Finance,19/10/20,97.46,69.65,18.67
IT,19/10/20,52.83,83.51,15.59
Logistics,19/10/20,38.54,61.55,9.53
Finance,20/10/20,97.07,70.18,18.93
IT,20/10/20,53.13,84.06,15.8
Logistics,20/10/20,38.38,61.38,9.6
Finance,21/10/20,97.4,70.21,19.1
IT,21/10/20,53.55,84.28,16.06
Logistics,21/10/20,38.74,61.1,9.58
Finance,22/10/20,97.47,70.76,19.19
IT,22/10/20,53.53,84.6,16.05
Logistics,22/10/20,39.16,60.66,9.68
Finance,23/10/20,97.51,70.53,19.32
IT,23/10/20,53.67,84.81,15.75
Logistics,23/10/20,39.28,60.8,9.58
Finance,24/10/20,97.01,70.21,19.18
IT,24/10/20,54.01,84.63,15.84
Logistics,24/10/20,39.12,60.41,9.9
Finance,25/10/20,96.71,70.5,19.32
IT,25/10/20,54.29,84.83,16.13
Logistics,25/10/20,39.25,60.6,10.1
Finance,26/10/20,97.2,70.28,19.6
IT,26/10/20,53.9,84.61,16.45
Logistics,26/10/20,39.63,60.44,9.81
Finance,27/10/20,97.19,70.83,19.4
IT,27/10/20,54.07,84.12,16.49
Logistics,27/10/20,39.13,60.66,9.79
Finance,28/10/20,97.04,70.61,19.1
IT,28/10/20,54.11,84.15,16.78
Logistics,28/10/20,39.28,60.63,9.64
Finance,29/10/20,97.39,70.9,19.34
IT,29/10/20,54.13,84.48,16.9
Logistics,29/10/20,39.36,60.64,9.43
Finance,30/10/20,97,71.23,19.44
IT,30/10/20,53.76,85,17.07
Logistics,30/10/20,39.69,60.94,9.24
Finance,31/10/20,97.07,71.12,19.75
IT,31/10/20,53.66,85.4,17.24
Logistics,31/10/20,39.52,61.22,9.56
Finance,1/11/20,96.95,71.43,20.02
IT,1/11/20,53.34,85.5,17.54
Logistics,1/11/20,39.64,61.5,9.79
Finance,2/11/20,97.44,71.31,20.18
IT,2/11/20,53.56,86.01,17.25
Logistics,2/11/20,39.59,61.23,9.64
Finance,3/11/20,97.27,71.15,19.95
IT,3/11/20,53.72,85.61,17.15
Logistics,3/11/20,39.7,61.4,9.85
Finance,4/11/20,97.47,70.91,19.79
IT,4/11/20,53.41,85.57,17.06
Logistics,4/11/20,39.67,61.95,9.58
Finance,5/11/20,97.11,70.97,19.78
IT,5/11/20,53.19,85.38,16.97
Logistics,5/11/20,39.92,62.44,9.71
Finance,6/11/20,97.44,70.47,19.51
IT,6/11/20,52.85,85.92,16.85
Logistics,6/11/20,39.5,62.39,10
Finance,7/11/20,97.29,70,19.53
IT,7/11/20,52.97,85.62,16.94
Logistics,7/11/20,39.65,62.35,9.78
Finance,8/11/20,97.21,69.81,19.52
IT,8/11/20,53.35,85.99,16.76
Logistics,8/11/20,39.83,62.5,9.94
Finance,9/11/20,97.14,70.18,19.3
IT,9/11/20,53,86.46,16.51
Logistics,9/11/20,39.59,62.8,9.81
Finance,10/11/20,96.64,70.23,19.26
IT,10/11/20,53.09,86.54,16.38
Logistics,10/11/20,39.74,62.58,10.06
Finance,11/11/20,96.86,69.9,19.22
IT,11/11/20,53.09,86.24,16.2
Logistics,11/11/20,39.97,62.35,9.9
Finance,12/11/20,96.9,69.58,19.4
IT,12/11/20,53.41,86.41,16.5
Logistics,12/11/20,40.37,62.32,9.94
Finance,13/11/20,96.82,70.13,19.25
IT,13/11/20,53,86,16.42
Logistics,13/11/20,40.74,61.84,9.95
Finance,14/11/20,96.91,70.03,19.51
IT,14/11/20,53.19,85.93,16.19
Logistics,14/11/20,41,61.43,9.66
Finance,15/11/20,96.81,69.81,19.82
IT,15/11/20,53.2,85.64,16.02
Logistics,15/11/20,41.38,61.62,9.9
Finance,16/11/20,96.74,69.86,19.83
IT,16/11/20,53.03,85.54,16.02
Logistics,16/11/20,40.98,62.13,9.63
Finance,17/11/20,97.23,70,19.98
IT,17/11/20,52.76,85.7,15.91
Logistics,17/11/20,41.1,62.41,9.64
Finance,18/11/20,96.98,69.75,19.9
IT,18/11/20,52.33,85.97,15.85
Logistics,18/11/20,40.84,62.71,9.49
Finance,19/11/20,96.9,69.68,20.1
IT,19/11/20,52.09,86.41,15.64
Logistics,19/11/20,41.39,62.49,9.21
Finance,20/11/20,96.73,69.58,20.15
IT,20/11/20,51.62,86.32,15.77
Logistics,20/11/20,41.88,62,9.3
Finance,21/11/20,96.64,69.22,20.08
IT,21/11/20,51.85,85.97,15.72
Logistics,21/11/20,41.76,62.12,9.35
Finance,22/11/20,97.01,68.93,19.89
IT,22/11/20,51.4,86.31,15.79
Logistics,22/11/20,41.35,62.46,9.15
Finance,23/11/20,96.57,69.05,19.7
IT,23/11/20,51.35,85.82,16.11
Logistics,23/11/20,40.93,62.11,9.41
Finance,24/11/20,96.33,69.29,19.53
IT,24/11/20,50.88,85.54,16.21
Logistics,24/11/20,41,61.83,9.29
Finance,25/11/20,96.28,69.44,19.29
IT,25/11/20,50.95,86.02,15.93
Logistics,25/11/20,40.61,61.44,9.48
Finance,26/11/20,96.06,69.12,19.19
IT,26/11/20,51.11,85.69,15.68
Logistics,26/11/20,40.88,61.27,9.52
Finance,27/11/20,96.59,69.52,19.08
IT,27/11/20,51.21,85.34,15.87
Logistics,27/11/20,41.3,61.67,9.68
Finance,28/11/20,97.06,69.79,19.11
IT,28/11/20,50.97,84.93,16.19
Logistics,28/11/20,41.75,61.24,9.9
Finance,29/11/20,96.7,69.61,18.85
IT,29/11/20,51.33,85.12,16.34
Logistics,29/11/20,41.91,61.22,10.14
Finance,30/11/20,96.7,69.15,18.8
IT,30/11/20,50.95,85.33,16.22
Logistics,30/11/20,42.13,60.78,9.99
Finance,1/12/20,97.22,69.43,18.89
IT,1/12/20,51.47,85.15,16.52
Logistics,1/12/20,42.59,61.07,10.05
Finance,2/12/20,97.46,69.11,18.96
IT,2/12/20,51.05,85.04,16.54
Logistics,2/12/20,42.15,61.05,10.22
Finance,3/12/20,97.23,68.68,19.16
IT,3/12/20,50.98,85.07,16.74
Logistics,3/12/20,42.37,61.45,10.27
Finance,4/12/20,96.96,68.32,19.35
IT,4/12/20,51.28,84.91,16.62
Logistics,4/12/20,42.81,61.73,10.3
Finance,5/12/20,96.86,68.84,19.41
IT,5/12/20,50.78,84.67,16.89
Logistics,5/12/20,42.87,61.36,10.2
Finance,6/12/20,96.47,69.11,19.29
IT,6/12/20,51.15,84.54,16.79
Logistics,6/12/20,42.84,61.29,10.39
Finance,7/12/20,96.78,69.44,19.25
IT,7/12/20,51.08,85.06,16.57
Logistics,7/12/20,42.47,61.6,10.43
Finance,8/12/20,96.68,69.07,19.5
IT,8/12/20,51.41,84.69,16.84
Logistics,8/12/20,42.16,61.43,10.63
Finance,9/12/20,96.23,68.99,19.57
IT,9/12/20,50.95,85.22,17.1
Logistics,9/12/20,41.98,61.59,10.63
Finance,10/12/20,96.29,68.7,19.4
IT,10/12/20,50.46,84.93,16.9
Logistics,10/12/20,42,61.47,10.95
Finance,11/12/20,95.91,69.07,19.24
IT,11/12/20,50.29,85.24,16.74
Logistics,11/12/20,41.78,61.88,10.84
Finance,12/12/20,96.25,69.05,19.54
IT,12/12/20,49.8,85.07,16.64
Logistics,12/12/20,41.88,61.51,10.86
Finance,13/12/20,96.29,68.75,19.27
IT,13/12/20,50.23,84.76,16.6
Logistics,13/12/20,41.68,61.97,10.67
Finance,14/12/20,96.34,68.94,19.04
IT,14/12/20,50.2,84.27,16.76
Logistics,14/12/20,41.78,61.79,10.75
Finance,15/12/20,96.67,69.13,19.12
IT,15/12/20,50.3,84.34,16.72
Logistics,15/12/20,42.1,61.78,10.74
Finance,16/12/20,96.66,69.12,19.2
IT,16/12/20,50.29,84.58,16.5
Logistics,16/12/20,41.64,61.69,10.54
Finance,17/12/20,96.16,69.41,19.32
IT,17/12/20,49.79,84.98,16.63
Logistics,17/12/20,41.62,61.56,10.79
Finance,18/12/20,96.06,69.1,19.38
IT,18/12/20,50.23,84.66,16.52
Logistics,18/12/20,41.48,61.55,11.08
Finance,19/12/20,95.9,68.63,19.37
IT,19/12/20,50.77,84.34,16.77
Logistics,19/12/20,41.53,61.72,11.41
Finance,20/12/20,95.89,68.94,19.07
IT,20/12/20,51.31,83.84,16.47
Logistics,20/12/20,41.44,61.6,11.18
Finance,21/12/20,96.19,69.34,18.78
IT,21/12/20,51.61,84.17,16.55
Logistics,21/12/20,41.47,61.64,11.41
Finance,22/12/20,96.13,69.55,18.6
IT,22/12/20,51.3,84.11,16.88
Logistics,22/12/20,41.34,61.57,11.49
Finance,23/12/20,96.01,69.5,18.93
IT,23/12/20,51.69,84.19,17.08
Logistics,23/12/20,41.54,61.8,11.43
Finance,24/12/20,96.12,69.45,18.76
IT,24/12/20,51.58,83.93,16.81
Logistics,24/12/20,42.07,62.06,11.42
Finance,25/12/20,95.9,69.01,18.91
IT,25/12/20,52.09,84.47,16.78
Logistics,25/12/20,42.11,62.22,11.74
Finance,26/12/20,96.22,69.09,19.12
IT,26/12/20,52.01,84.3,16.75
Logistics,26/12/20,42.04,62.36,11.83
Finance,27/12/20,96.15,68.7,19.4
IT,27/12/20,52.39,84.08,16.68
Logistics,27/12/20,42.42,62.02,11.75
Finance,28/12/20,96,68.77,19.24
IT,28/12/20,52.33,84.47,16.77
Logistics,28/12/20,42.95,62.41,11.55
Finance,29/12/20,96.15,69.18,19.37
IT,29/12/20,52.03,84.43,16.82
Logistics,29/12/20,42.78,62.38,11.57
Finance,30/12/20,96.52,69.11,19.29
IT,30/12/20,51.72,84.7,16.66
Logistics,30/12/20,43.33,62.62,11.43
Finance,31/12/20,96.69,69.15,19.27
IT,31/12/20,51.22,85.01,16.89
Logistics,31/12/20,43.75,62.37,11.57